{
  "scenario": "sequential",
  "n": 100,
  "startedAt": "2026-05-19T18:36:12.208Z",
  "ok": 100,
  "fail": 0,
  "errors": [],
  "tti_ms": [
    10.306332999999995,
    7.827791999999988,
    6.276959000000005,
    61.740207999999996,
    6.8847920000000045,
    8.803584,
    6.211374999999975,
    8.27129099999999,
    5.624166000000002,
    8.681999999999988,
    5.434374999999989,
    5.500167000000005,
    6.381833,
    6.8644999999999925,
    6.14345800000001,
    5.8206670000000145,
    5.895416999999981,
    5.546000000000021,
    6.075708999999989,
    5.839833999999996,
    5.986041,
    6.345874999999978,
    6.313874999999996,
    6.086583000000019,
    6.801917000000003,
    7.189375000000041,
    6.4799580000000105,
    6.347332999999992,
    7.357458000000008,
    7.47970799999996,
    7.740791999999999,
    7.032333999999992,
    6.7988750000000095,
    6.271333000000027,
    6.61304100000001,
    6.479667000000006,
    6.634916999999973,
    6.249834000000021,
    6.3557500000000005,
    6.152709000000016,
    6.209334000000013,
    6.511415999999997,
    6.100833000000023,
    7.18545800000004,
    6.744041999999979,
    6.771165999999994,
    6.57529199999999,
    7.060667000000024,
    6.568125000000009,
    6.22037499999999,
    6.208082999999988,
    6.446416999999997,
    6.495166999999981,
    6.995875000000012,
    6.177333000000033,
    6.819125000000042,
    6.035624999999982,
    6.950667000000067,
    6.762458000000038,
    6.122375000000034,
    9.281875000000014,
    5.860957999999982,
    8.524041999999895,
    6.937791000000061,
    7.309291999999914,
    6.4024579999999105,
    6.3597089999999525,
    6.693208000000027,
    5.870916999999963,
    6.826000000000022,
    5.981042000000002,
    5.994249999999965,
    7.197457999999983,
    5.970874999999978,
    6.5194170000000895,
    6.166417000000024,
    5.623667000000069,
    6.1054169999999885,
    7.298875000000066,
    7.561583999999925,
    6.350499999999897,
    8.027833999999984,
    8.783999999999992,
    8.22833300000002,
    6.991709000000014,
    6.798209000000043,
    6.049457999999959,
    6.77537499999994,
    7.274458000000095,
    7.70633399999997,
    7.533500000000004,
    6.936542000000031,
    6.893459000000007,
    6.974291999999991,
    6.37641700000006,
    6.588374999999928,
    6.439999999999941,
    6.421375000000012,
    8.108874999999898,
    6.761500000000069
  ],
  "stats": {
    "min": 5.434374999999989,
    "max": 61.740207999999996,
    "median": 6.568125000000009,
    "p95": 8.681999999999988,
    "p99": 10.306332999999995,
    "mean": 7.303134650000001
  },
  "composite": 100,
  "actantdb_box_version": "unknown",
  "node_version": "v25.9.0",
  "platform": "darwin 25.2.0",
  "hostname": "GhostSpeak.local"
}