{
  "scenario": "staggered",
  "n": 100,
  "startedAt": "2026-05-19T18:36:18.945Z",
  "ok": 100,
  "fail": 0,
  "errors": [],
  "tti_ms": [
    9.976542000000002,
    7.028790999999998,
    7.803000000000026,
    7.769082999999995,
    7.2057080000000155,
    8.053375000000017,
    6.796791999999982,
    6.510208000000034,
    6.363374999999962,
    8.722291999999925,
    8.861792000000037,
    29.83295899999996,
    8.727375000000052,
    7.46833300000003,
    6.4972080000000005,
    10.151707999999985,
    6.774208000000044,
    8.871790999999916,
    7.043541000000005,
    6.973791000000006,
    7.318125000000009,
    7.611708000000135,
    6.661125000000084,
    6.822709000000032,
    6.280250000000024,
    6.595792000000074,
    7.130374999999958,
    6.616958000000068,
    6.44987500000002,
    7.473250000000007,
    6.79950000000008,
    6.733584000000064,
    7.108791999999994,
    6.4367919999999685,
    11.827082999999902,
    7.342124999999896,
    7.289874999999938,
    8.535000000000082,
    7.544209000000137,
    6.383583000000044,
    8.131750000000011,
    8.093041999999969,
    6.590374999999767,
    7.6262499999998,
    6.920708999999988,
    7.835999999999785,
    6.864042000000154,
    6.898083000000042,
    7.308042000000114,
    8.49395800000002,
    6.466374999999971,
    7.736749999999574,
    7.259541999999783,
    6.425499999999829,
    6.340958000000228,
    6.552791999999954,
    6.871791999999914,
    6.929583999999977,
    7.064499999999953,
    7.692125000000033,
    7.979166999999961,
    6.681750000000193,
    6.438249999999698,
    6.696875000000091,
    6.508249999999862,
    7.76791699999967,
    9.543334000000414,
    11.733500000000276,
    12.190666999999848,
    8.559250000000247,
    6.400541999999859,
    8.614332999999988,
    11.911415999999917,
    6.336500000000342,
    12.496874999999818,
    6.683250000000044,
    10.313499999999749,
    9.60433299999977,
    8.104457999999795,
    12.017041999999947,
    7.674416999999721,
    7.010291999999936,
    8.054916000000048,
    7.102125000000342,
    6.271040999999968,
    11.073041999999987,
    7.106250000000728,
    26.485999999999876,
    6.615833000000748,
    7.669958999999835,
    6.721583999999893,
    6.759375000000546,
    6.504124999999476,
    8.024374999999964,
    6.9455840000000535,
    6.693916000000172,
    6.32024999999976,
    8.988333000000239,
    6.822582999999213,
    6.762916000000587
  ],
  "stats": {
    "min": 6.271040999999968,
    "max": 29.83295899999996,
    "median": 7.108791999999994,
    "p95": 11.911415999999917,
    "p99": 26.485999999999876,
    "mean": 8.086828759999998
  },
  "composite": 100,
  "actantdb_box_version": "unknown",
  "node_version": "v25.9.0",
  "platform": "darwin 25.2.0",
  "hostname": "GhostSpeak.local"
}