{
  "scenario": "staggered",
  "n": 100,
  "startedAt": "2026-05-19T18:42:27.446Z",
  "ok": 100,
  "fail": 0,
  "errors": [],
  "tti_ms": [
    9.584457999999998,
    11.171334000000002,
    13.831957999999986,
    15.498166999999967,
    16.60820799999999,
    8.73233399999981,
    12.185500000000047,
    9.165625000000091,
    10.265083000000004,
    7.879374999999982,
    15.032166999999845,
    21.12337499999967,
    22.698415999999725,
    9.614208999999846,
    8.85345899999993,
    12.326207999999951,
    13.606708000000253,
    16.061333000000104,
    8.085042000000158,
    11.824667000000318,
    12.189041999999972,
    11.546500000000378,
    16.75525000000016,
    15.543875000000298,
    12.113749999999527,
    9.350082999999358,
    14.80224999999973,
    16.208167000000685,
    7.966459000000214,
    9.121167000000241,
    11.474499999999352,
    14.696541000000252,
    11.596583999999893,
    13.065542000000278,
    12.35716599999978,
    13.945083000000523,
    15.780292000000372,
    14.945958999999675,
    16.847375000000284,
    14.871082999999999,
    11.968459000000621,
    9.863792000000103,
    13.647249999999985,
    15.75866700000006,
    13.676417000000583,
    6.971290999999837,
    10.437791999998808,
    15.735709000000497,
    13.713583000000654,
    9.612374999998792,
    11.95233300000109,
    13.493625000000975,
    15.245374999998603,
    11.841334000000643,
    7.71795800000109,
    11.995291999999608,
    14.244791999999507,
    10.239958000000115,
    13.526334000000134,
    12.188791999999012,
    10.54279200000019,
    7.3480840000011085,
    14.868415999999343,
    20.342083999999886,
    9.133958000000348,
    16.371624999999767,
    12.487499999999272,
    10.193500000001222,
    10.512249999999767,
    13.858374999999796,
    11.980416000000332,
    9.837541999999303,
    18.635541999999987,
    11.613750000000437,
    11.324916999999914,
    16.94316699999945,
    16.14495799999895,
    17.259916999999405,
    15.381917000000612,
    10.376666000000114,
    13.009665999999925,
    18.08691700000054,
    16.423166000000492,
    14.57179200000246,
    11.977082999997947,
    10.567167000001064,
    12.673374999998487,
    12.578750000000582,
    11.287917000001471,
    9.256291999998211,
    9.044167000000016,
    11.051958000000013,
    8.336707999998907,
    8.454916999999114,
    11.030000000002474,
    14.027749999997468,
    9.532333000002836,
    11.876749999999447,
    14.332624999999098,
    10.416709000000992
  ],
  "stats": {
    "min": 6.971290999999837,
    "max": 22.698415999999725,
    "median": 12.185500000000047,
    "p95": 17.259916999999405,
    "p99": 21.12337499999967,
    "mean": 12.668488400000019
  },
  "composite": 100,
  "actantdb_box_version": "unknown",
  "node_version": "v25.9.0",
  "platform": "darwin 25.2.0",
  "hostname": "GhostSpeak.local"
}